Cluster,Annual_Income,Spending_Score,Purchase_Frequency,Average_Transaction_Value,Days_Since_Last_Purchase
0,74085.01834862385,27.458715596330276,16.678899082568808,190.27522935779817,255.57798165137615
1,114806.12403100776,53.224806201550386,35.86046511627907,272.2015503875969,222.8372093023256
2,85684.07518796992,61.81203007518797,12.669172932330827,324.57142857142856,110.18045112781955
3,51383.589147286824,47.4031007751938,37.604651162790695,248.89922480620154,151.4031007751938
